<?xml version="1.0"?>
<block>
    <name>YunSDR Source</name>
    <key>yunsdr_yunsdr_source</key>
    <category>yunsdr</category>
    <import>import yunsdr</import>
    <make>yunsdr.yunsdr_source($ipaddr, $port, $rx_freq, $rx_vga, $sample_rate, $bw,
	$ref_sel, $vco_sel, $ftdd_sel, $auxdac1, $trx_sw, $channel)</make>

    <callback>set_freq($rx_freq)</callback> 
    <callback>set_gain($rx_vga)</callback>
    <callback>set_sample_rate($sample_rate)</callback>

    <param>
	<name>IP Address</name>
	<key>ipaddr</key>
	<value>192.168.1.10</value>
	<type>string</type>
    </param>
    <param>
	<name>Port</name>
	<key>port</key>
	<value>5005</value>
	<type>int</type>
    </param>
    <param>
	<name>Frequency (Hz)</name>
	<key>rx_freq</key>
	<value>1500000000</value>
	<type>real</type>
    </param>
    <param>
	<name>Gain (dB)</name>
	<key>rx_vga</key>
	<value>5</value>
	<type>int</type>
    </param>
    <param>
	<name>Sample Rate (Hz)</name>
	<key>sample_rate</key>
	<value>10000000</value>
	<type>real</type>
	</param>
	<param>
	<name>Bandwidth (Hz)</name>
	<key>bw</key>
	<value>18000000</value>
	<type>real</type>
    </param>

    <param>
	<name>Reference Clock</name>
	<key>ref_sel</key>
	<value>1</value>
	<type>int</type>
	<option>
	    <name>external</name>
	    <key>1</key>
	</option>
	<option>
	    <name>internal</name>
	    <key>0</key>
	</option>
    </param>
    <param>
	<name>VCO Calibration</name>
	<key>vco_sel</key>
	<value>1</value>
	<type>int</type>
	<option>
	    <name>AUXDAC1</name>
	    <key>1</key>
	</option>
	<option>
	    <name>ADF4001</name>
	    <key>0</key>
	</option>
    </param>
    <param>
	<name>AUXDAC</name>
	<key>auxdac1</key>
	<value>0</value>
	<type>int</type>
    </param>
    <param>
	<name>TRX Switch</name>
	<key>trx_sw</key>
	<value>1</value>
	<type>int</type>
	<option>
	    <name>TX</name>
	    <key>1</key>
	</option>
	<option>
	    <name>RX</name>
	    <key>0</key>
	</option>
    </param>

    <param>
	<name>Duplex</name>
	<key>ftdd_sel</key>
	<value>1</value>
	<type>int</type>
	<option>
	    <name>FDD</name>
	    <key>1</key>
	</option>
	<option>
	    <name>TDD</name>
	    <key>0</key>
	</option>
    </param>
    <param>
	<name>Channel</name>
	<key>channel</key>
	<value>1</value>
	<type>int</type>
	<option>
	    <name>RX1</name>
	    <key>1</key>
	</option>
	<option>
	    <name>RX2</name>
	    <key>2</key>
	</option>
    </param>

    <check>40000000 >= $sample_rate</check>
    <check>$sample_rate >= 4000000</check>
    <check>74 >= $rx_vga</check>
    <check>$rx_vga >= 0</check>
    <check>6000000000 > $rx_freq</check>
    <check>$rx_freq >= 70000000</check>
    <check>2500 > $auxdac1</check>
    <check>$auxdac1 >= 0</check>
    <source>
	<name>out</name>
	<type>complex</type>
	<nports>MAX_OUT</nports>
    </source>
</block>
